parameter,value,unit
plate_length,266.0,mm
plate_width,250.0,mm
plate_thickness,3.0,mm
plate_corner_radius,12.0,mm
plate_center_x,-64.0,mm
plate_hole_size,11.0,mm
plate_hole_pitch,18.0,mm
plate_hole_nx,12,-
plate_hole_ny,11,-
standoff_height,45.0,mm
standoff_across_flats,7.0,mm
wheel_radius,33.0,mm
wheel_width,18.0,mm
wheel_separation,288.0,mm
tire_thickness,7.0,mm
servo_width,28.5,mm
servo_height,46.5,mm
servo_depth,34.0,mm
servo_horn_offset,11.25,mm
servo_horn_radius,11.0,mm
servo_horn_thickness,3.0,mm
caster_x,-177.0,mm
caster_y,64.0,mm
caster_ball_radius,8.0,mm
battery_length,89.0,mm
battery_width,35.0,mm
battery_height,27.0,mm
opencr_length,105.0,mm
opencr_width,75.0,mm
rpi_length,85.0,mm
rpi_width,56.0,mm
lidar_length,95.5,mm
lidar_width,69.5,mm
lidar_height,39.5,mm
lidar_x,-140.0,mm
camera_x,55.0,mm
arm_mount_x,10.0,mm
arm_flange_thickness,3.0,mm
j1_x,12.0,mm
j1_z,17.0,mm
j2_z,59.5,mm
j3_x,24.0,mm
j3_z,128.0,mm
j4_x,124.0,mm
grip_x,81.7,mm
grip_y,21.0,mm
ee_x,126.0,mm
arm_bracket_width,24.0,mm
arm_bracket_thickness,2.5,mm
finger_length,48.0,mm
j1_lower,-2.827433,rad
j1_upper,2.827433,rad
j2_lower,-1.790708,rad
j2_upper,1.570796,rad
j3_lower,-0.942478,rad
j3_upper,1.382301,rad
j4_lower,-1.790708,rad
j4_upper,2.042035,rad
grip_lower,-0.01,m
grip_upper,0.019,m
arm_effort,1.0,-
arm_velocity,4.8,-
m_base,1.6,kg
m_wheel,0.0285,kg
m_caster,0.005,kg
m_lidar,0.114,kg
m_camera,0.035,kg
m_link1,0.0794,kg
m_link2,0.0985,kg
m_link3,0.1385,kg
m_link4,0.1324,kg
m_link5,0.1438,kg
m_finger,0.01,kg
bottom_plate_z,37.25,mm
middle_plate_z,85.25,mm
top_plate_z,133.25,mm
caster_height,47.25,mm
arm_mount_z,156.25,mm
wheel_center_z,23.0,mm
